job_title,company_name,location,required_skills,salary,job_category,posting_date
Junior Crypto Trader,ATOM PARTNERS LIMITED,🌏 Worldwide,N/A,$50000-70000 / YEAR,Junior Crypto Trader,2026-07-01T15:05:02+00:00
Builder Chief,Consultran,🇺🇸 United States,N/A,$80000-120000 / YEAR,Builder Chief,2026-07-05T00:00:08+00:00
Senior Software Engineer,Stellar AI,🇪🇺 Europe,N/A,N/A,N/A,N/A
Business Analyst,Rotaract Club of NIBM Kandy,🇺🇸 United States,N/A,$80000-150000 / YEAR,Business Analyst,2026-07-05T17:18:41+00:00
Innovation,Doshi Group,"Nagpur,",N/A,$80000-150000 / YEAR,Innovation,2026-07-05T12:34:47+00:00
Mid Senior AI Cinematic Video Editor,EverAI,🇪🇺 Europe,N/A,$60000-100000 / YEAR,Mid Senior AI Cinematic Video Editor,2026-07-05T00:00:10+00:00
Supply Chain Analyst,DIVA,🇨🇦 Canada,N/A,$80000-150000 / YEAR,Supply Chain Analyst,2026-07-05T00:00:00+00:00
Junior Front End Developer,PULSEMEDIA (MENA),"الرياض, الرياض الرياض السعودية",N/A,$80000-150000 / YEAR,Junior Front End Developer,2026-07-05T00:00:00+00:00
dishwasher,Pür &amp; Simple,🌏 Worldwide,N/A,$80000-150000 / YEAR,dishwasher,2026-07-04T22:40:52+00:00
Human Resources Generalist,CoberonChronos,New York City Metropolitan Area,N/A,$80000-150000 / YEAR,Human Resources Generalist,2026-07-04T21:10:36+00:00
Lead Data Scientist,Brigit,🇺🇸 United States,N/A,$80000-150000 / YEAR,Lead Data Scientist,2026-07-04T16:00:08+00:00
Administrative Assistant,Pickle,🌏 Worldwide,N/A,$80000-150000 / YEAR,Administrative Assistant,2026-07-04T14:24:54+00:00
Founder Ghostwriter for a U.S. based Google Ads Agency,Paired,🌏 Worldwide,N/A,$80000-150000 / YEAR,Founder Ghostwriter for a U.S. based Google Ads Agency,2026-07-04T14:24:30+00:00
Customer Support,Recruitlytics Hiring,"المدينة, المدينة المدينة السعودية",N/A,$80000-150000 / YEAR,Customer Support,2026-07-04T08:21:16+00:00
Entry Level Administrative Assistant,Recruitlytics Hiring,"المدينة, المدينة المدينة السعودية",N/A,$80000-150000 / YEAR,Entry Level Administrative Assistant,2026-07-04T08:21:03+00:00
Administrative Data Entry File Clerk,Recruitlytics Hiring,🇨🇦 Canada,N/A,$80000-150000 / YEAR,Administrative Data Entry File Clerk,2026-07-04T08:07:12+00:00
File Clerk,Recruitlytics Hiring,🇭🇰 Hong Kong,N/A,$80000-150000 / YEAR,File Clerk,2026-07-04T08:01:58+00:00
Jobs,Konkan Development Society,🌏 Worldwide,N/A,$80000-150000 / YEAR,Jobs,2026-07-04T07:58:52+00:00
Online Casino Game Tester,RG&amp;T Solutions,🇺🇸 United States,N/A,$80000-150000 / YEAR,Online Casino Game Tester,2026-07-03T23:47:10+00:00
Member of Marketing Staff,Slingshot,🇺🇸 United States,N/A,$80000-150000 / YEAR,Member of Marketing Staff,2026-07-03T23:07:30+00:00
All Positions,Tamworth Regional Council,🌏 Worldwide,N/A,$80000-150000 / YEAR,All Positions,2026-07-03T22:24:17+00:00
Manager HR Business Partner,LinkedIn,🇺🇸 United States,N/A,$80000-150000 / YEAR,Manager HR Business Partner,2026-07-03T21:19:00+00:00
Business Analyst,Blockchain.com,🇺🇸 United States,N/A,$80000-150000 / YEAR,Business Analyst,2026-07-03T20:53:35+00:00
Assistente de Processos,Sicoob,🇧🇷 Brazil,N/A,$80000-150000 / YEAR,Assistente de Processos,2026-07-03T20:01:55+00:00
Editor Paginator,The Canadian Press,🇨🇦 Canada,N/A,$80000-150000 / YEAR,Editor Paginator,2026-07-03T19:37:33+00:00
Special Services Associate AIRDRIE,The Home Depot Canada,🌏 Worldwide,N/A,$80000-150000 / YEAR,Special Services Associate AIRDRIE,2026-07-03T19:03:08+00:00
f,Ajax Systems,🌏 Worldwide,N/A,$80000-150000 / YEAR,f,2026-07-03T17:41:29+00:00
Business Operations Analyst,TextUs,🇺🇸 United States,N/A,$80000-150000 / YEAR,Business Operations Analyst,2026-07-03T17:12:44+00:00
Senior Quality Engineer,Tellent,🌏 Probably worldwide,N/A,$200000-225000 / YEAR,Senior Quality Engineer,2026-07-03T16:00:13+00:00
Buyer I,Jabil,🇮🇳 India,N/A,$80000-150000 / YEAR,Buyer I,2026-07-03T14:10:31+00:00
Watch Clerk,City of Campbell River,🌏 Worldwide,N/A,$80000-150000 / YEAR,Watch Clerk,2026-07-03T12:48:22+00:00
Supply Chain Director,Novaris Search,New York City Metropolitan Area,N/A,$80000-150000 / YEAR,Supply Chain Director,2026-07-03T11:20:00+00:00
Associate Officer ARFF,Adani Airport Holdings Ltd,🌏 Worldwide,N/A,$80000-150000 / YEAR,Associate Officer ARFF,2026-07-03T11:06:16+00:00
Pedagogy Specialist English,CloudFactory,🇺🇸 United States,N/A,$80000-150000 / YEAR,Pedagogy Specialist English,2026-07-03T10:35:51+00:00
Supply Chain Executive,Pharmanovia,🌏 Worldwide,N/A,$80000-150000 / YEAR,Supply Chain Executive,2026-07-03T09:35:49+00:00
Psicopedagogos para alumnos con TDAH,TUS Media,🇪🇸 Spain,N/A,$80000-150000 / YEAR,Psicopedagogos para alumnos con TDAH,2026-07-03T09:08:50+00:00
Entry Level Administrative Assistant,ReLyticx HR,🇨🇦 Canada,N/A,$80000-150000 / YEAR,Entry Level Administrative Assistant,2026-07-03T08:44:20+00:00
Junior Data Analyst,Numa,🇵🇹 Portugal,N/A,$80000-150000 / YEAR,Junior Data Analyst,2026-07-03T08:43:06+00:00
**NEW SITE OPENING** Utility Allrounder,Cater Care,🇦🇺 Australia,N/A,$80000-150000 / YEAR,**NEW SITE OPENING** Utility Allrounder,2026-07-03T07:01:27+00:00
Residential Real Estate Title Search Quality Control,Pippin Title,🇺🇸 United States,N/A,$80000-150000 / YEAR,Residential Real Estate Title Search Quality Control,2026-07-03T06:29:53+00:00
Chief Executive Officer,Community HealthCare Association of the Dakotas,🇺🇸 United States,N/A,$80000-150000 / YEAR,Chief Executive Officer,2026-07-03T06:00:00+00:00
Technician 3,"Sunbelt Rentals, Inc.",🌏 Worldwide,N/A,$80000-150000 / YEAR,Technician 3,2026-07-03T01:37:48+00:00
Specialist Payroll,Delta Air Lines,🇯🇲 Jamaica,N/A,$80000-150000 / YEAR,Specialist Payroll,2026-07-03T00:46:16+00:00
Product Manager Solar Inverters,TMEIC Corporation Americas,🌏 Probably worldwide,N/A,$80000-150000 / YEAR,Product Manager Solar Inverters,2026-07-03T00:00:04+00:00
Supervisora de Operações e Reservas Remoto,PANROTAS,🌏 Worldwide,N/A,$80000-150000 / YEAR,Supervisora de Operações e Reservas Remoto,2026-07-03T00:00:00+00:00
Auxiliar financeiro,Hiflex Group,🇧🇷 Brazil,N/A,$80000-150000 / YEAR,Auxiliar financeiro,2026-07-02T22:52:28+00:00
General Operative Northern Ireland,ABP Food Group,🌏 Worldwide,N/A,$80000-150000 / YEAR,General Operative Northern Ireland,2026-07-02T22:44:58+00:00
5 Ways Be a Better Listener,Unigo,🌏 Worldwide,N/A,$80000-150000 / YEAR,5 Ways Be a Better Listener,2026-07-02T22:18:42+00:00
VP Creative,Kanahoma,🇺🇸 United States,N/A,$80000-150000 / YEAR,VP Creative,2026-07-02T22:08:55+00:00
Temp HR Coordinator People Operations,Headspace,🇺🇸 United States,N/A,$80000-150000 / YEAR,Temp HR Coordinator People Operations,2026-07-02T21:56:39+00:00
VP Paid Media,Kanahoma,🇺🇸 United States,N/A,$80000-150000 / YEAR,VP Paid Media,2026-07-02T21:25:54+00:00
Procurement Coordinator,CXC Upstream Ltd,"دبي, دبي الإمارات العربية المتحدة",N/A,$80000-150000 / YEAR,Procurement Coordinator,2026-07-02T20:06:19+00:00
Department Supervisor,The Home Depot Canada,🇨🇦 Canada,N/A,$80000-150000 / YEAR,Department Supervisor,2026-07-02T19:03:36+00:00
Peer Specialist Maternal Health,Canopie,🇺🇸 United States,N/A,$80000-150000 / YEAR,Peer Specialist Maternal Health,2026-07-02T18:31:11+00:00
Business Development Executive,Fresha,🇵🇹 Portugal,N/A,$80000-150000 / YEAR,Business Development Executive,2026-07-02T17:42:25+00:00
Freelance Experiential Producer,FTP Agency | Food Truck Promotions,🇺🇸 United States,N/A,$80000-150000 / YEAR,Freelance Experiential Producer,2026-07-02T16:52:04+00:00
Un Una capoprogetto per la revisione della Classificazione Svizzera degli Interventi Chirurgici CHOP,Bundesamt für Statistik BFS,🌏 Worldwide,N/A,$80000-150000 / YEAR,Un Una capoprogetto per la revisione della Classificazione Svizzera degli Interventi Chirurgici CHOP,2026-07-02T16:24:19+00:00
Asset Management Analyst Multifamily Real Estate,Bluecore Residential,🇺🇸 United States,N/A,$80000-150000 / YEAR,Asset Management Analyst Multifamily Real Estate,2026-07-02T16:00:55+00:00
Associate Account Strategist Donut Studios,New Engen,🇺🇸 United States,N/A,$80000-150000 / YEAR,Associate Account Strategist Donut Studios,2026-07-02T15:34:29+00:00
Greenskeeper,City of Brantford,🌏 Worldwide,N/A,$80000-150000 / YEAR,Greenskeeper,2026-07-02T15:13:07+00:00
Project Manager Donut Studios,New Engen,🇺🇸 United States,N/A,$80000-150000 / YEAR,Project Manager Donut Studios,2026-07-02T15:12:09+00:00
Digital Marketing Specialist,Wish You Were Here Group,🇺🇸 United States,N/A,$80000-150000 / YEAR,Digital Marketing Specialist,2026-07-02T14:26:31+00:00
Operations Supervisor Healthcare Atlanta,Belle,🇺🇸 United States,N/A,$80000-150000 / YEAR,Operations Supervisor Healthcare Atlanta,2026-07-02T14:13:05+00:00
Facility Maintenance Technician,PriceSmart,🇯🇲 Jamaica,N/A,$80000-150000 / YEAR,Facility Maintenance Technician,2026-07-02T13:54:33+00:00
¡Vacante Remota Atención al Cliente Contratación Rápida,GEA Perú,🇵🇪 Peru,N/A,$80000-150000 / YEAR,¡Vacante Remota Atención al Cliente Contratación Rápida,2026-07-02T13:05:55+00:00
Docente a Tiempo Parcial para Escuela de Comunicación,Universidad Católica Santo Toribio de Mogrovejo,🇵🇪 Peru,N/A,$80000-150000 / YEAR,Docente a Tiempo Parcial para Escuela de Comunicación,2026-07-02T13:04:34+00:00
Senior AI Engineer Architect,Lemon.io,💃 Latin America,N/A,N/A,N/A,N/A
Full Stack Developer first UK,Better Futures Multi Academy Trust,🌏 Worldwide,N/A,$30000-40000 / YEAR,Full Stack Developer first UK,2026-07-02T11:52:54+00:00
Engineer 2,Catalyst Brands India,🇮🇳 India,N/A,$80000-150000 / YEAR,Engineer 2,2026-07-02T11:44:21+00:00
Associate Accounts Payable Expert,Capgemini,🌏 Worldwide,N/A,$80000-150000 / YEAR,Associate Accounts Payable Expert,2026-07-02T10:54:50+00:00
Multi Skilled Operative,Tarmac,🌏 Worldwide,N/A,$80000-150000 / YEAR,Multi Skilled Operative,2026-07-02T10:49:55+00:00
P0005148,捷成集团,🌏 Worldwide,N/A,$80000-150000 / YEAR,P0005148,2026-07-02T09:57:12+00:00
Spontaneous application,HomeExchange,🇬🇧 United Kingdom,N/A,$80000-150000 / YEAR,Spontaneous application,2026-07-02T09:52:28+00:00
Junior UI Engineer,Arabian Private Holdings,🇬🇧 United Kingdom,N/A,$80000-150000 / YEAR,Junior UI Engineer,2026-07-02T09:06:34+00:00
SELEZIONE PUBBLICA PER TITOLI ED ESAMI PER L’ASSUNZIONE A TEMPO DETERMINATO DI 2 FUNZIONARI PROFILO ECONOMISTA,Dipartimento della Funzione Pubblica,"Torino, Torino, Piemonte, Italia",N/A,$80000-150000 / YEAR,SELEZIONE PUBBLICA PER TITOLI ED ESAMI PER L’ASSUNZIONE A TEMPO DETERMINATO DI 2 FUNZIONARI PROFILO ECONOMISTA,2026-07-02T07:15:47+00:00
Computer Aided Design Designer,Indovance Inc,🇮🇳 India,N/A,$80000-150000 / YEAR,Computer Aided Design Designer,2026-07-02T06:51:25+00:00
Heading,bankari.sk,🌏 Worldwide,N/A,$80000-150000 / YEAR,Heading,2026-07-02T02:01:59+00:00
Asesor call center Remoto lima o provincia,Shalom,🇵🇪 Peru,N/A,$80000-150000 / YEAR,Asesor call center Remoto lima o provincia,2026-07-02T01:04:42+00:00
Industry Officer,"Department of Justice and Community Safety, Victoria",🌏 Worldwide,N/A,$80000-150000 / YEAR,Industry Officer,2026-07-02T00:53:35+00:00
Creative,The Elites,🇬🇧 United Kingdom,N/A,$80000-150000 / YEAR,Creative,2026-07-02T00:35:53+00:00
12 jobs that pay well without a degree,Bluefield Daily Telegraph,🌏 Worldwide,N/A,$80000-150000 / YEAR,12 jobs that pay well without a degree,2026-07-01T23:06:25+00:00
Clinical Proofreader Editor,4 Corner Resources,🇺🇸 United States,N/A,$80000-150000 / YEAR,Clinical Proofreader Editor,2026-07-01T21:26:07+00:00
Event Coordinator,Lockheed Martin,🌏 Worldwide,N/A,$80000-150000 / YEAR,Event Coordinator,2026-07-01T21:02:35+00:00
Social Media Coordinator,The Nature Conservancy,🇺🇸 United States,N/A,$80000-150000 / YEAR,Social Media Coordinator,2026-07-01T19:50:14+00:00
Orientador a Laboral Freelance Remoto,Ironhack,🇪🇸 Spain,N/A,$80000-150000 / YEAR,Orientador a Laboral Freelance Remoto,2026-07-01T19:24:02+00:00
Executive Assistant,EfficientAide,🇺🇸 United States,N/A,$80000-150000 / YEAR,Executive Assistant,2026-07-01T19:08:00+00:00
Data Scientist,New Flyer,🇨🇦 Canada,N/A,$80000-150000 / YEAR,Data Scientist,2026-07-01T18:47:01+00:00
Event Planning Assistant,Professional Travel Planners LLC,🇺🇸 United States,N/A,$80000-150000 / YEAR,Event Planning Assistant,2026-07-01T18:46:02+00:00
Custodian,"KBR, Inc.",🌏 Worldwide,N/A,$80000-150000 / YEAR,Custodian,2026-07-01T18:45:06+00:00
Vice President of Operations,Vestcom,🇺🇸 United States,N/A,$80000-150000 / YEAR,Vice President of Operations,2026-07-01T18:21:36+00:00
Vice President of Operations,Avery Dennison,🇺🇸 United States,N/A,$80000-150000 / YEAR,Vice President of Operations,2026-07-01T18:06:42+00:00
Assistente de Atendimento ao Cliente,Stone,🌏 Worldwide,N/A,$80000-150000 / YEAR,Assistente de Atendimento ao Cliente,2026-07-01T17:19:38+00:00
Influencer Marketing Coordinator,Nello,🇺🇸 United States,N/A,$80000-150000 / YEAR,Influencer Marketing Coordinator,2026-07-01T16:59:16+00:00
Manager of Influencer Marketing,Newhouse,🇺🇸 United States,N/A,$80000-150000 / YEAR,Manager of Influencer Marketing,2026-07-01T16:20:43+00:00
Designer,Forbes,🇺🇸 United States,N/A,$80000-150000 / YEAR,Designer,2026-07-01T15:51:39+00:00
Registrar,Queensland Government,🌏 Worldwide,N/A,$80000-150000 / YEAR,Registrar,2026-07-01T15:47:32+00:00
Resource mobiliser,Vrindavan Chandrodaya Mandir,🌏 Worldwide,N/A,$80000-150000 / YEAR,Resource mobiliser,2026-07-01T15:23:32+00:00
Events &amp; Experiences Coordinator,BlinkRx,🇺🇸 United States,N/A,$80000-150000 / YEAR,Events &amp; Experiences Coordinator,2026-07-01T14:39:59+00:00
Agency Core 1,Caterpillar Inc.,🌏 Worldwide,N/A,$80000-150000 / YEAR,Agency Core 1,2026-07-01T14:33:27+00:00
Registrar,Department of Justice QLD,🌏 Worldwide,N/A,$80000-150000 / YEAR,Registrar,2026-07-01T14:25:47+00:00
Operations &amp; Administration Coordinator,CXC Upstream Ltd,"دبي, دبي الإمارات العربية المتحدة",N/A,$80000-150000 / YEAR,Operations &amp; Administration Coordinator,2026-07-01T14:03:02+00:00
India posts require 17 Staff Car Drivers Fast track your application,The Kashmir Monitor,🌏 Worldwide,N/A,$80000-150000 / YEAR,India posts require 17 Staff Car Drivers Fast track your application,2026-07-01T13:29:30+00:00
BRENTWOOD CHAGUANAS,Tommy's Brewing Company,🌏 Worldwide,N/A,$80000-150000 / YEAR,BRENTWOOD CHAGUANAS,2026-07-01T13:27:06+00:00
Docente Tiempo Parcial Derecho Remoto,Universidad Privada del Norte,🇵🇪 Peru,N/A,$80000-150000 / YEAR,Docente Tiempo Parcial Derecho Remoto,2026-07-01T13:08:17+00:00
Mid Senior AI Cinematic Video Editor,EverAI,🌍 Africa,N/A,$30000-100000 / YEAR,Mid Senior AI Cinematic Video Editor,2026-06-24T09:04:44+00:00
Advogado Trabalhista de Prazos,Jurídico Vagas,🌏 Worldwide,N/A,$80000-150000 / YEAR,Advogado Trabalhista de Prazos,2026-07-01T08:09:38+00:00
Junior Product Designer,"WealthCounsel, LLC",🇺🇸 United States,N/A,$80000-150000 / YEAR,Junior Product Designer,2026-07-01T02:50:05+00:00
Profesor a de Apoyo escolar Todos los niveles,Apprentus,🌏 Worldwide,N/A,$80000-150000 / YEAR,Profesor a de Apoyo escolar Todos los niveles,2026-07-01T01:46:41+00:00
Asistente administrativa,Syntepro S.A de C.V.,🇸🇻 El Salvador,N/A,$80000-150000 / YEAR,Asistente administrativa,2026-07-01T01:46:07+00:00
Tutor profesor clases particulares múltiples actividades,Apprentus,🇪🇸 Spain,N/A,$80000-150000 / YEAR,Tutor profesor clases particulares múltiples actividades,2026-07-01T01:45:54+00:00
Growth &amp; Success Manager,Medida AI,🇺🇸 United States,N/A,$80000-150000 / YEAR,Growth &amp; Success Manager,2026-07-01T01:22:43+00:00
Template,Justworks,🇨🇦 Canada,N/A,$80000-150000 / YEAR,Template,2026-06-30T23:53:40+00:00
Class 1 Shunt Driver,Coca-Cola Canada Bottling Limited,🇨🇦 Canada,N/A,$80000-150000 / YEAR,Class 1 Shunt Driver,2026-06-30T23:50:10+00:00
Social Media and Influencer Manager,"Pete &amp; Gerry's Organics, LLC",🇺🇸 United States,N/A,$80000-150000 / YEAR,Social Media and Influencer Manager,2026-06-30T23:00:27+00:00
SVP Banking Operations,Nymbus,🇺🇸 United States,N/A,$80000-150000 / YEAR,SVP Banking Operations,2026-06-30T22:06:53+00:00
...the seekrette is discovering what you love and doing it often..,seekrette,🌏 Worldwide,N/A,$80000-150000 / YEAR,...the seekrette is discovering what you love and doing it often..,2026-06-30T20:06:23+00:00
MANAGER TECHNOLOGY MET,The Home Depot Canada,🇨🇦 Canada,N/A,$80000-150000 / YEAR,MANAGER TECHNOLOGY MET,2026-06-30T19:04:21+00:00
Mortgage Operations Loan Processor,Wealthfront,🇺🇸 United States,N/A,$80000-150000 / YEAR,Mortgage Operations Loan Processor,2026-06-30T18:20:19+00:00
Multi trader,Moxie People,🌏 Worldwide,N/A,$80000-150000 / YEAR,Multi trader,2026-06-30T18:09:06+00:00
Full crew,Atlantic Oceanic LLC,🌏 Worldwide,N/A,$80000-150000 / YEAR,Full crew,2026-06-30T17:41:38+00:00
Captain,UICGS / Bowhead Family of Companies,🌏 Worldwide,N/A,$80000-150000 / YEAR,Captain,2026-06-30T17:41:18+00:00
ASST.Manager Overseas Business Development,Geeta Group of Companies,🌏 Worldwide,N/A,$80000-150000 / YEAR,ASST.Manager Overseas Business Development,2026-06-30T16:29:38+00:00
Designer,Cats Protection,🌏 Worldwide,N/A,$80000-150000 / YEAR,Designer,2026-06-30T15:34:07+00:00
Vice President of Customer Growth,PatientIQ,🇺🇸 United States,N/A,$80000-150000 / YEAR,Vice President of Customer Growth,2026-06-30T15:29:02+00:00
THE STRAND HOUSE,Zislis Group,🌏 Worldwide,N/A,$80000-150000 / YEAR,THE STRAND HOUSE,2026-06-30T13:22:35+00:00
Creative Director,PadSplit,🇺🇸 United States,N/A,$80000-150000 / YEAR,Creative Director,2026-06-30T13:21:06+00:00
Chief Financial Officer,Hospitable.com,🇬🇧 United Kingdom,N/A,$80000-150000 / YEAR,Chief Financial Officer,2026-06-30T12:48:25+00:00
Maintenance &amp; MEP Technician,Scales and Associates,🌏 Worldwide,N/A,$80000-150000 / YEAR,Maintenance &amp; MEP Technician,2026-06-30T12:41:26+00:00
Total Rewards Manager,PGIM Ireland,🌏 Worldwide,N/A,$80000-150000 / YEAR,Total Rewards Manager,2026-06-30T10:59:55+00:00
Bid Manager,Razorblue Group,🌏 Worldwide,N/A,$80000-150000 / YEAR,Bid Manager,2026-06-30T10:33:56+00:00
Customer Support Specialist,inDrive,🇱🇦 Laos,N/A,$80000-150000 / YEAR,Customer Support Specialist,2026-06-30T08:07:40+00:00
Vehicle Repair Assessor Philippines,Hire with Reef,🌏 Probably worldwide,N/A,$80000-150000 / YEAR,Vehicle Repair Assessor Philippines,2026-06-30T08:00:03+00:00
Speculative,Flok Health,🇬🇧 United Kingdom,N/A,$80000-150000 / YEAR,Speculative,2026-06-30T04:44:20+00:00
Head of Public Understanding,NOPE,⛩ Asia,N/A,$100000-150000 / YEAR,Head of Public Understanding,2026-06-23T03:37:28+00:00
Good Life Helper,Good Life Sorted,🇬🇧 United Kingdom,N/A,$80000-150000 / YEAR,Good Life Helper,2026-06-30T02:20:14+00:00
Accommodation Administrator FIFO 14 7 Roster Cairns Queensland,Sodexo,🇦🇺 Australia,N/A,$80000-150000 / YEAR,Accommodation Administrator FIFO 14 7 Roster Cairns Queensland,2026-06-30T00:21:43+00:00
Test Role,Atlantic Strategic Minerals,🌏 Worldwide,N/A,$80000-150000 / YEAR,Test Role,2026-06-30T00:00:00+00:00
Telefonista,Hospital Do Coração Anis Rassi,🇧🇷 Brazil,N/A,$80000-150000 / YEAR,Telefonista,2026-06-30T00:00:00+00:00
Assistente Financeiro,TDM Transportes,🇧🇷 Brazil,N/A,$80000-150000 / YEAR,Assistente Financeiro,2026-06-30T00:00:00+00:00
Assistente Administrativo,TDM Transportes,São Paulo e Região,N/A,$80000-150000 / YEAR,Assistente Administrativo,2026-06-30T00:00:00+00:00
Assistente de Faturamento,TDM Transportes,🇧🇷 Brazil,N/A,$80000-150000 / YEAR,Assistente de Faturamento,2026-06-30T00:00:00+00:00
OSP Technician,Liberty Caribbean,🌏 Worldwide,N/A,$80000-150000 / YEAR,OSP Technician,2026-06-29T22:39:01+00:00
Vice President Operations,Aventum Search,🇺🇸 United States,N/A,$80000-150000 / YEAR,Vice President Operations,2026-06-29T21:55:12+00:00
HR Lead,Wowza,🇺🇸 United States,N/A,$80000-150000 / YEAR,HR Lead,2026-06-29T20:03:38+00:00
Restoration Estimator,SERVPRO of Vacaville / Dixon,🌏 Worldwide,N/A,$80000-150000 / YEAR,Restoration Estimator,2026-06-29T20:03:15+00:00
LEAD,ABM Industries,🌏 Worldwide,N/A,$80000-150000 / YEAR,LEAD,2026-06-29T19:45:58+00:00
Housekeeper Kabannas Newcastle,Kabannas,🇬🇧 United Kingdom,N/A,$80000-150000 / YEAR,Housekeeper Kabannas Newcastle,2026-06-29T19:24:38+00:00
Freelance Designer,Haus,🇺🇸 United States,N/A,$80000-150000 / YEAR,Freelance Designer,2026-06-29T19:16:29+00:00
Senior Director of Brand Marketing,Coleto Brands,🇺🇸 United States,N/A,$80000-150000 / YEAR,Senior Director of Brand Marketing,2026-06-29T19:16:15+00:00
Business Administration,Brainkind,🌏 Worldwide,N/A,$80000-150000 / YEAR,Business Administration,2026-06-29T17:48:47+00:00
Freelance Social Copywriter,Milk Makeup,🇺🇸 United States,N/A,$80000-150000 / YEAR,Freelance Social Copywriter,2026-06-29T16:36:56+00:00
Director of Service,Marchay,🇺🇸 United States,N/A,$80000-150000 / YEAR,Director of Service,2026-06-29T16:16:11+00:00
English Tutor,Flalingo,🇵🇹 Portugal,N/A,$80000-150000 / YEAR,English Tutor,2026-06-29T15:22:37+00:00
Block Operator,SAL TRADING LIMITED,🌏 Worldwide,N/A,$80000-150000 / YEAR,Block Operator,2026-06-29T14:18:47+00:00
Sharetea Edmonton City Centre,Edmonton City Centre,🇨🇦 Canada,N/A,$80000-150000 / YEAR,Sharetea Edmonton City Centre,2026-06-29T11:28:27+00:00
Pengajar Biologi Online,Ruangguru for Business,🇮🇩 Indonesia,N/A,$80000-150000 / YEAR,Pengajar Biologi Online,2026-06-29T11:28:19+00:00
Pengajar Bahasa Inggris Online,Ruangguru for Business,🇮🇩 Indonesia,N/A,$80000-150000 / YEAR,Pengajar Bahasa Inggris Online,2026-06-29T11:28:12+00:00
Testing,Macquarie Group,🇦🇺 Australia,N/A,$80000-150000 / YEAR,Testing,2026-06-29T10:39:53+00:00
Non Teaching 21 Posts,GyanSpot.in,🌏 Worldwide,N/A,$80000-150000 / YEAR,Non Teaching 21 Posts,2026-06-29T09:38:23+00:00
Cuidador a de Niños,TUS Media,🇪🇸 Spain,N/A,$80000-150000 / YEAR,Cuidador a de Niños,2026-06-29T09:21:35+00:00
Expressions of Interest,RACQ,🇦🇺 Australia,N/A,$80000-150000 / YEAR,Expressions of Interest,2026-06-29T09:19:25+00:00
Niñera Ayuda con los deberes Sin experiencia,TUS Media,🇪🇸 Spain,N/A,$80000-150000 / YEAR,Niñera Ayuda con los deberes Sin experiencia,2026-06-29T09:06:55+00:00
Physiotherapist UK,HealthHero,🇬🇧 United Kingdom,N/A,$80000-150000 / YEAR,Physiotherapist UK,2026-06-29T08:51:14+00:00
Graduate Business Operations Associate,Bezos.AI,🇬🇧 United Kingdom,N/A,$80000-150000 / YEAR,Graduate Business Operations Associate,2026-06-29T08:20:25+00:00
HR Operations Analyst,Jefferies,🇮🇳 India,N/A,$80000-150000 / YEAR,HR Operations Analyst,2026-06-29T07:33:47+00:00
1811,4BUILD Group,🌏 Worldwide,N/A,$80000-150000 / YEAR,1811,2026-06-29T05:44:18+00:00
1419,4BUILD Group,🇦🇺 Australia,N/A,$80000-150000 / YEAR,1419,2026-06-29T05:42:37+00:00
1838,4BUILD Group,🌏 Worldwide,N/A,$80000-150000 / YEAR,1838,2026-06-29T05:41:19+00:00
2035,4BUILD Group,🌏 Worldwide,N/A,$80000-150000 / YEAR,2035,2026-06-29T05:40:14+00:00
Customer Support Helpdesk Specialist,Empathy Talent,🇺🇸 United States,N/A,$80000-150000 / YEAR,Customer Support Helpdesk Specialist,2026-06-29T03:41:08+00:00
Auxiliar Administrativo,Pet Toalhas,🇧🇷 Brazil,N/A,$80000-150000 / YEAR,Auxiliar Administrativo,2026-06-29T00:00:00+00:00
WAREHOUSE OFFICER,COACTUM RPE,🌏 Worldwide,N/A,$80000-150000 / YEAR,WAREHOUSE OFFICER,2026-06-28T22:13:57+00:00
Freelance Designer,Img.creators,🌏 Worldwide,N/A,$80000-150000 / YEAR,Freelance Designer,2026-06-28T17:52:29+00:00
Job Title,QB Corporation,🌏 Worldwide,N/A,$80000-150000 / YEAR,Job Title,2026-06-28T14:45:13+00:00
Delivery Driver Bristol,Ocado Logistics,🇬🇧 United Kingdom,N/A,$80000-150000 / YEAR,Delivery Driver Bristol,2026-06-28T10:06:41+00:00
Various,Glenrands Jaguar &amp; Land Rover,🇬🇧 United Kingdom,N/A,$80000-150000 / YEAR,Various,2026-06-28T08:33:20+00:00
Job Title,Push Greece,🇮🇳 India,N/A,$80000-150000 / YEAR,Job Title,2026-06-28T05:17:14+00:00
Ascent Environmental,Office of Energy &amp; Sustainability,🌏 Worldwide,N/A,$80000-150000 / YEAR,Ascent Environmental,2026-06-27T20:06:39+00:00
Attendant Laundry,SIRO Hotels,🌏 Worldwide,N/A,$80000-150000 / YEAR,Attendant Laundry,2026-06-27T17:08:32+00:00
Senior Counsel Project Finance &amp; Commercial,Energy Vault,"Westlake Village, CA",N/A,$80000-150000 / YEAR,Senior Counsel Project Finance &amp; Commercial,2026-06-27T16:00:04+00:00
DOCUMENT FORMATTING SPECIALIST,Sharon Wells,🌏 Worldwide,N/A,$80000-150000 / YEAR,DOCUMENT FORMATTING SPECIALIST,2026-06-27T15:11:06+00:00
Industry Analysis,Citofield,🇦🇺 Australia,N/A,$80000-150000 / YEAR,Industry Analysis,2026-06-27T10:58:11+00:00
Technical Lead,IT FUTURZ,🇮🇳 India,N/A,$80000-150000 / YEAR,Technical Lead,2026-06-27T06:28:40+00:00
Content,Den danske seermåling,🌏 Worldwide,N/A,$80000-150000 / YEAR,Content,2026-06-27T06:14:36+00:00
Ut Facere Aut,Innodrei,🌏 Worldwide,N/A,$80000-150000 / YEAR,Ut Facere Aut,2026-06-27T06:08:21+00:00
Error Odio,Innodrei,🌏 Worldwide,N/A,$80000-150000 / YEAR,Error Odio,2026-06-27T06:08:19+00:00
Video Editor,OnlineJobs.PH,🌏 Worldwide,N/A,$80000-150000 / YEAR,Video Editor,2026-06-27T04:53:58+00:00
Cable Jointer,Ipsum,🇬🇧 United Kingdom,N/A,$80000-150000 / YEAR,Cable Jointer,2026-06-27T04:07:26+00:00
AI Filmmaker,Foxelli Group,"Praha, Praha, Hlavní město Praha, Česko",N/A,$80000-150000 / YEAR,AI Filmmaker,2026-06-27T02:00:18+00:00
Freelance Designer,SAN Creatives Agency,🌏 Worldwide,N/A,$80000-150000 / YEAR,Freelance Designer,2026-06-27T01:15:05+00:00
Speculative Application,Reincubate // Camo,🇬🇧 United Kingdom,N/A,$80000-150000 / YEAR,Speculative Application,2026-06-27T00:21:09+00:00
Product Growth Expert Acquisition Afirmativa para Pessoas de Grupos Sub representados,Neon Pagamentos,Remoto,N/A,$80000-150000 / YEAR,Product Growth Expert Acquisition Afirmativa para Pessoas de Grupos Sub representados,2026-06-27T00:00:04+00:00
Property Maintenance &amp; Operations Coordinator,Dart,🇰🇾 Cayman Islands,N/A,$80000-150000 / YEAR,Property Maintenance &amp; Operations Coordinator,2026-06-26T20:23:35+00:00
Common Energy,Office of Energy &amp; Sustainability,🌏 Worldwide,N/A,$80000-150000 / YEAR,Common Energy,2026-06-26T20:20:01+00:00
My Green Lab,Office of Energy &amp; Sustainability,🌏 Worldwide,N/A,$80000-150000 / YEAR,My Green Lab,2026-06-26T20:14:55+00:00
Stok,Office of Energy &amp; Sustainability,🌏 Worldwide,N/A,$80000-150000 / YEAR,Stok,2026-06-26T20:12:21+00:00
Competency Assessor Operations,NextDecade,🇺🇸 United States,N/A,$80000-150000 / YEAR,Competency Assessor Operations,2026-06-26T20:10:57+00:00
IoT Specialist,Jasper Solutions Inc.,🌏 Worldwide,N/A,$80000-150000 / YEAR,IoT Specialist,2026-06-26T20:05:32+00:00
People Operations Specialist,VulnCheck,🇺🇸 United States,N/A,$80000-150000 / YEAR,People Operations Specialist,2026-06-26T19:57:38+00:00
Manager Social Art Director,Starface World,🇺🇸 United States,N/A,$80000-150000 / YEAR,Manager Social Art Director,2026-06-26T19:44:28+00:00
Creative Strategist,Happy Mammoth,🇩🇪 Germany,N/A,$80000-150000 / YEAR,Creative Strategist,2026-06-26T19:42:21+00:00
Frontend Developer Junior,Universia Perú,🇵🇪 Peru,N/A,$80000-150000 / YEAR,Frontend Developer Junior,2026-06-26T19:18:48+00:00
Analyst Customer Routing,Gildan,🌏 Worldwide,N/A,$80000-150000 / YEAR,Analyst Customer Routing,2026-06-26T18:52:19+00:00
Creative Operations Manager,Stio®,🇺🇸 United States,N/A,$80000-150000 / YEAR,Creative Operations Manager,2026-06-26T18:24:52+00:00
Art Director Brand &amp; Concepts,Stio®,🇺🇸 United States,N/A,$80000-150000 / YEAR,Art Director Brand &amp; Concepts,2026-06-26T17:57:03+00:00
Simple Speaker,"Web Developer: Ravi, One of the best in India",🇮🇳 India,N/A,$80000-150000 / YEAR,Simple Speaker,2026-06-26T17:15:49+00:00
Coach Académico,Learning Heroes,🇦🇷 Argentina,N/A,$80000-150000 / YEAR,Coach Académico,2026-06-26T17:14:18+00:00
Executive Assistant,Atlas Search,New York City Metropolitan Area,N/A,$80000-150000 / YEAR,Executive Assistant,2026-06-26T17:11:58+00:00
Executive,Lupin,🌏 Worldwide,N/A,$80000-150000 / YEAR,Executive,2026-06-26T16:48:44+00:00
Maria Covlea,Tyviso,🇮🇳 India,N/A,$80000-150000 / YEAR,Maria Covlea,2026-06-26T15:42:14+00:00
Jack Ward,Tyviso,🌏 Worldwide,N/A,$80000-150000 / YEAR,Jack Ward,2026-06-26T15:41:59+00:00
Customer Support Technician Helpdesk Offboardings &amp; Access,Pixel Machinery,🇺🇸 United States,N/A,$80000-150000 / YEAR,Customer Support Technician Helpdesk Offboardings &amp; Access,2026-06-26T15:36:59+00:00
Data Engineers,EY,🌏 Worldwide,N/A,$80000-150000 / YEAR,Data Engineers,2026-06-26T15:17:08+00:00
User Researcher,"Ministry of Housing, Communities and Local Government",🌏 Worldwide,N/A,$80000-150000 / YEAR,User Researcher,2026-06-26T15:00:23+00:00
Business Development Representative Cambridge,Furza,🌏 Worldwide,N/A,$80000-150000 / YEAR,Business Development Representative Cambridge,2026-06-26T14:54:28+00:00
Graphic Designer,Digital Executive,🌏 Worldwide,N/A,$80000-150000 / YEAR,Graphic Designer,2026-06-26T14:23:21+00:00
Operator,Genuit Group,🌏 Worldwide,N/A,$80000-150000 / YEAR,Operator,2026-06-26T14:22:04+00:00
British English Voice Recording Specialist Lancaster,OpsArmy Careers,🇬🇧 United Kingdom,N/A,$80000-150000 / YEAR,British English Voice Recording Specialist Lancaster,2026-06-26T14:19:04+00:00
Entry Level Scheduling &amp; Coordinating Reservations Online,Destination Careers,🇺🇸 United States,N/A,$80000-150000 / YEAR,Entry Level Scheduling &amp; Coordinating Reservations Online,2026-06-26T13:57:04+00:00
Owner,Cultur'Elles - L'association des femmes du ministère de la Culture,🌏 Worldwide,N/A,$80000-150000 / YEAR,Owner,2026-06-26T13:46:32+00:00
Operations Manager,CXC Upstream Ltd,"دبي, دبي الإمارات العربية المتحدة",N/A,$80000-150000 / YEAR,Operations Manager,2026-06-26T13:40:16+00:00
Bid Manager,px Group,🌏 Worldwide,N/A,$80000-150000 / YEAR,Bid Manager,2026-06-26T13:23:59+00:00
Funnel Builder,DSIGNS AUSTRALIA,🌏 Worldwide,N/A,$80000-150000 / YEAR,Funnel Builder,2026-06-26T13:06:15+00:00
Aeronautical Information Service Cadet,Grenada Airports Authority,🇬🇩 Grenada,N/A,$80000-150000 / YEAR,Aeronautical Information Service Cadet,2026-06-26T12:41:21+00:00
Casino Technician,MSC Cruises,🌏 Worldwide,N/A,$80000-150000 / YEAR,Casino Technician,2026-06-26T11:28:19+00:00
Guard,Township of Langley,🌏 Worldwide,N/A,$80000-150000 / YEAR,Guard,2026-06-26T11:19:09+00:00
Collections Manager,National Service Bureau,🇺🇸 United States,N/A,$80000-150000 / YEAR,Collections Manager,2026-06-26T11:15:18+00:00
BRIGHTON ASSISTANT MANAGER,Oowee,🇬🇧 United Kingdom,N/A,$80000-150000 / YEAR,BRIGHTON ASSISTANT MANAGER,2026-06-26T11:07:37+00:00
Process Specialist,Betfred,🌏 Worldwide,N/A,$80000-150000 / YEAR,Process Specialist,2026-06-26T10:00:32+00:00
Payroll Specialist,ADP,🇮🇳 India,N/A,$80000-150000 / YEAR,Payroll Specialist,2026-06-26T09:13:40+00:00
UX UI Designer,Siroko,🇪🇸 Spain,N/A,$80000-150000 / YEAR,UX UI Designer,2026-06-26T09:03:43+00:00
Analyst,Mphasis,🇮🇳 India,N/A,$80000-150000 / YEAR,Analyst,2026-06-26T08:17:40+00:00
Customer Support,Recruit Lytics Hiring,"المدينة, المدينة المدينة السعودية",N/A,$80000-150000 / YEAR,Customer Support,2026-06-26T07:52:07+00:00
Entry Level Administrative Assistant,Recruit Lytics Hiring,"المدينة, المدينة المدينة السعودية",N/A,$80000-150000 / YEAR,Entry Level Administrative Assistant,2026-06-26T07:51:56+00:00
Administrative Assistant Entry Level,Recruit Lytics Hiring,🇬🇧 United Kingdom,N/A,$80000-150000 / YEAR,Administrative Assistant Entry Level,2026-06-26T07:51:44+00:00
Human Resources Assistant,Recruit Lytics Hiring,🇬🇧 United Kingdom,N/A,$80000-150000 / YEAR,Human Resources Assistant,2026-06-26T07:51:21+00:00
File Clerk,Recruit Lytics Hiring,🇭🇰 Hong Kong,N/A,$80000-150000 / YEAR,File Clerk,2026-06-26T07:47:42+00:00
Data Entry Specialist Assistant Administrator,Recruit Lytics Hiring,🇭🇰 Hong Kong,N/A,$80000-150000 / YEAR,Data Entry Specialist Assistant Administrator,2026-06-26T07:47:28+00:00
Virtual Executive Assistant,Recruit Lytics Hiring,"Friesland, Friesland, Nederland",N/A,$80000-150000 / YEAR,Virtual Executive Assistant,2026-06-26T07:46:59+00:00
Freelance Designer,Awesomehues,🌏 Worldwide,N/A,$80000-150000 / YEAR,Freelance Designer,2026-06-26T07:37:32+00:00
OPEN ROLE,treeNovum,🇺🇸 United States,N/A,$80000-150000 / YEAR,OPEN ROLE,2026-06-26T07:29:30+00:00
Game Tester Earn Up $500 per Game,JobsInMass.com,🌏 Worldwide,N/A,$80000-150000 / YEAR,Game Tester Earn Up $500 per Game,2026-06-26T07:10:28+00:00
ATS Releasing Team Member,Stellantis,🇨🇦 Canada,N/A,$80000-150000 / YEAR,ATS Releasing Team Member,2026-06-26T06:21:08+00:00
Asset Location Officer,TasNetworks,🌏 Worldwide,N/A,$80000-150000 / YEAR,Asset Location Officer,2026-06-26T06:00:12+00:00
SOCIAL MEDIA MANAGER â,OnlineJobs.PH,🌏 Worldwide,N/A,$80000-150000 / YEAR,SOCIAL MEDIA MANAGER â,2026-06-26T05:55:09+00:00
Marketing Assistant,OnlineJobs.PH,🌏 Worldwide,N/A,$80000-150000 / YEAR,Marketing Assistant,2026-06-26T05:52:48+00:00
I am looking for guide,"Mixed Media Labs, Inc.",🌏 Worldwide,N/A,$80000-150000 / YEAR,I am looking for guide,2026-06-26T04:03:45+00:00
Join Our Team,"Mixed Media Labs, Inc.",🌏 Worldwide,N/A,$80000-150000 / YEAR,Join Our Team,2026-06-26T04:02:45+00:00
Click here see what positions we are currently looking fill,QC Kinetix Salt Lake City,"利島,",N/A,$80000-150000 / YEAR,Click here see what positions we are currently looking fill,2026-06-26T03:13:25+00:00
Claims Specialist,DTLA Benefits,🇺🇸 United States,N/A,$80000-150000 / YEAR,Claims Specialist,2026-06-26T03:00:49+00:00
View Open Positions,Minds Worth Meeting Podcast,🌏 Worldwide,N/A,$80000-150000 / YEAR,View Open Positions,2026-06-26T02:13:22+00:00
Genealogista,Amorim Global,🇧🇷 Brazil,N/A,$80000-150000 / YEAR,Genealogista,2026-06-26T00:53:09+00:00
Ayudante de RRHH,MUNOZ LAW FIRM,🇵🇪 Peru,N/A,$80000-150000 / YEAR,Ayudante de RRHH,2026-06-26T00:00:00+00:00
Senior Vice President Global Operations,F1® Arcade,🇺🇸 United States,N/A,$80000-150000 / YEAR,Senior Vice President Global Operations,2026-06-26T00:00:00+00:00
Secretária,EMPRESA CRESCER,🇧🇷 Brazil,N/A,$80000-150000 / YEAR,Secretária,2026-06-26T00:00:00+00:00
Vice President Supply Chain,Ramp Talent,🇺🇸 United States,N/A,$80000-150000 / YEAR,Vice President Supply Chain,2026-06-25T23:57:41+00:00
Learn more,Get Vetted,🌏 Worldwide,N/A,$80000-150000 / YEAR,Learn more,2026-06-25T23:38:01+00:00
Asistente de Cuentas Marketing BTL Weldon,Universia Argentina,🇦🇷 Argentina,N/A,$80000-150000 / YEAR,Asistente de Cuentas Marketing BTL Weldon,2026-06-25T23:36:42+00:00
Water Safety Specialist,Four Seasons,🌏 Worldwide,N/A,$80000-150000 / YEAR,Water Safety Specialist,2026-06-25T22:54:20+00:00
Chief Growth Officer,Berni and Mick Ireland,🇬🇧 United Kingdom,N/A,$80000-150000 / YEAR,Chief Growth Officer,2026-06-25T22:45:16+00:00
Leakage Inspector,Williams Tucker Limited,🇬🇧 United Kingdom,N/A,$80000-150000 / YEAR,Leakage Inspector,2026-06-25T20:02:18+00:00
Line inspector,Job Buzzer,🌏 Worldwide,N/A,$80000-150000 / YEAR,Line inspector,2026-06-25T20:01:32+00:00
Clinical Trial Associate,Ollin Biosciences,San Francisco Bay Area,N/A,$80000-150000 / YEAR,Clinical Trial Associate,2026-06-25T19:29:39+00:00
Product,fashionxyz,🌏 Worldwide,N/A,$80000-150000 / YEAR,Product,2026-06-25T17:14:27+00:00
Assistant Marketing Manager,Little Caesars Pizza,🌏 Worldwide,N/A,$80000-150000 / YEAR,Assistant Marketing Manager,2026-06-25T16:37:11+00:00
Scheduling Coordinator Entry Level No Experience Needed,Travel Planning Professionals,🇺🇸 United States,N/A,$80000-150000 / YEAR,Scheduling Coordinator Entry Level No Experience Needed,2026-06-25T14:36:32+00:00
Scheduling Coordinator Entry Level,Travel Planning Professionals,🇺🇸 United States,N/A,$80000-150000 / YEAR,Scheduling Coordinator Entry Level,2026-06-25T14:35:13+00:00
Entry Level Online Scheduling Coordinator,Travel Planning Professionals,🇺🇸 United States,N/A,$80000-150000 / YEAR,Entry Level Online Scheduling Coordinator,2026-06-25T14:29:08+00:00
School Crossing Patrol,Education Authority (Northern Ireland),🌏 Worldwide,N/A,$80000-150000 / YEAR,School Crossing Patrol,2026-06-25T14:24:26+00:00
Preparador de Vehiculos Hatillo,Enterprise,🇵🇷 Puerto Rico,N/A,$80000-150000 / YEAR,Preparador de Vehiculos Hatillo,2026-06-25T14:06:28+00:00
Kerendia Task Force,Bayer,🌏 Worldwide,N/A,$80000-150000 / YEAR,Kerendia Task Force,2026-06-25T13:17:49+00:00
Speculative application,Wenzel DesignTec,🌏 Worldwide,N/A,$80000-150000 / YEAR,Speculative application,2026-06-25T12:32:54+00:00
Team leader supervisor,Clean Bees,🇬🇧 United Kingdom,N/A,$80000-150000 / YEAR,Team leader supervisor,2026-06-25T12:31:57+00:00
Business Development Manager Italy,Group-IB,"Milano, Milano, Lombardia, Italia",N/A,$80000-150000 / YEAR,Business Development Manager Italy,2026-06-25T09:24:42+00:00
hh2,Biztech,🌏 Worldwide,N/A,$80000-150000 / YEAR,hh2,2026-06-25T09:06:30+00:00
WERX,Biztech,🌏 Worldwide,N/A,$80000-150000 / YEAR,WERX,2026-06-25T09:06:20+00:00
Open Position — Dauphine,AmericaShare,🌏 Worldwide,N/A,$80000-150000 / YEAR,Open Position — Dauphine,2026-06-25T07:45:07+00:00
Communication Officer,Marie Curie Alumni Association Mexico Chapter,🌏 Worldwide,N/A,$80000-150000 / YEAR,Communication Officer,2026-06-25T07:04:27+00:00
Architectural Designer Assistant,Archisearch,🇬🇷 Greece,N/A,$80000-150000 / YEAR,Architectural Designer Assistant,2026-06-25T07:03:04+00:00
AWS Connect,Tata Consultancy Services,🇮🇳 India,N/A,$80000-150000 / YEAR,AWS Connect,2026-06-25T06:53:32+00:00
Freelance Designer,La Vena Creativa,🌏 Worldwide,N/A,$80000-150000 / YEAR,Freelance Designer,2026-06-25T06:19:33+00:00
Freelance Transcriptionist — Sinhalese,Perle,"حولي, حولي حولي الكويت",N/A,$80000-150000 / YEAR,Freelance Transcriptionist — Sinhalese,2026-06-25T05:49:49+00:00
Freelance Transcriptionist — Akan,Perle,🇮🇳 India,N/A,$80000-150000 / YEAR,Freelance Transcriptionist — Akan,2026-06-25T05:48:59+00:00
å·¥ä½äººå,广州市人力资源和社会保障局,🌏 Worldwide,N/A,$80000-150000 / YEAR,å·¥ä½äººå,2026-06-25T05:39:46+00:00
System Software Engineer,Hewlett Packard Enterprise,🌏 Worldwide,N/A,$80000-150000 / YEAR,System Software Engineer,2026-06-25T04:57:30+00:00
Letter Carrier Delivery Agent,Canada Post / Postes Canada,🌏 Worldwide,N/A,$80000-150000 / YEAR,Letter Carrier Delivery Agent,2026-06-25T03:46:17+00:00
Assembler,Microwave Products Group,🇬🇧 United Kingdom,N/A,$80000-150000 / YEAR,Assembler,2026-06-25T02:44:46+00:00
Australian English Voice Actor Specialist Sydney,OpsArmy Careers,🇦🇺 Australia,N/A,$80000-150000 / YEAR,Australian English Voice Actor Specialist Sydney,2026-06-25T02:20:26+00:00
Senior Marketing Manager Paid Ads,Acebet.com,🌏 Worldwide,N/A,$200000-500000 / YEAR,Senior Marketing Manager Paid Ads,2026-06-18T01:43:07+00:00
Account Coordinator,Acast,🇺🇸 United States,N/A,$80000-150000 / YEAR,Account Coordinator,2026-06-25T01:22:49+00:00
Meeting Coordinator,Canvas Meetings & Incentives,🌏 Worldwide,N/A,$80000-150000 / YEAR,Meeting Coordinator,2026-06-25T00:06:09+00:00
Field Reliability Engineer LATAM,Honeycomb.io,🇧🇷 Brazil,N/A,$80000-150000 / YEAR,Field Reliability Engineer LATAM,2026-06-25T00:00:18+00:00
Retail Supervisor,Farmfoods,🌏 Worldwide,N/A,$80000-150000 / YEAR,Retail Supervisor,2026-06-25T00:00:00+00:00
Feedmill Hygiene Operative Tram Inn,Avara Foods,🌏 Worldwide,N/A,$80000-150000 / YEAR,Feedmill Hygiene Operative Tram Inn,2026-06-25T00:00:00+00:00
Analista Financeiro,Ballroom,🇧🇷 Brazil,N/A,$80000-150000 / YEAR,Analista Financeiro,2026-06-25T00:00:00+00:00
Curso Humanización del Servicio,Comfenalco Valle delagente,🇨🇴 Colombia,N/A,$80000-150000 / YEAR,Curso Humanización del Servicio,2026-06-24T23:46:42+00:00
Marketing Manager Social Media Content Creation,Academy of Television Arts &amp; Sciences,🇺🇸 United States,N/A,$80000-150000 / YEAR,Marketing Manager Social Media Content Creation,2026-06-24T23:44:04+00:00
LABORER,Portales Fire Department,🇮🇳 India,N/A,$80000-150000 / YEAR,LABORER,2026-06-24T23:11:01+00:00
MOT Tester,Park's Motor Group,🌏 Worldwide,N/A,$80000-150000 / YEAR,MOT Tester,2026-06-24T21:54:45+00:00
MOT Tester,Park's Motor Group,🌏 Worldwide,N/A,$80000-150000 / YEAR,MOT Tester,2026-06-24T21:54:45+00:00
Lead Creative Strategist,New Engen,🇺🇸 United States,N/A,$80000-150000 / YEAR,Lead Creative Strategist,2026-06-24T21:16:08+00:00
Office Support Role Pratham Education Foundation,UN Remote Jobss,🌏 Worldwide,N/A,$80000-150000 / YEAR,Office Support Role Pratham Education Foundation,2026-06-24T21:05:06+00:00
Product manager,DUĒAST,🌏 Worldwide,N/A,$80000-150000 / YEAR,Product manager,2026-06-24T20:40:57+00:00
Marketing Virtual Assistant,Martell Media,🇦🇷 Argentina,N/A,$80000-150000 / YEAR,Marketing Virtual Assistant,2026-06-24T20:13:39+00:00
Medical Scribe Female,Angel City VA Recruitment,🌏 Worldwide,N/A,$80000-150000 / YEAR,Medical Scribe Female,2026-06-24T20:13:05+00:00
Locator,GrandBridge Energy Inc.,🌏 Worldwide,N/A,$80000-150000 / YEAR,Locator,2026-06-24T19:55:41+00:00
Analista de Produtos Pleno Open Finance Wallet &amp; Banking Remoto,PicPay,🌏 Worldwide,N/A,$80000-150000 / YEAR,Analista de Produtos Pleno Open Finance Wallet &amp; Banking Remoto,2026-06-24T19:45:56+00:00
Staff Housing Caretaker,Fairmont Hotels &amp; Resorts,🌏 Worldwide,N/A,$80000-150000 / YEAR,Staff Housing Caretaker,2026-06-24T19:45:36+00:00
Spontaneous application Red Deer,Olymel,🌏 Worldwide,N/A,$80000-150000 / YEAR,Spontaneous application Red Deer,2026-06-24T19:43:58+00:00
Job vacancies,GREEN HILLS CLEANING LIMITED,🌏 Worldwide,N/A,$80000-150000 / YEAR,Job vacancies,2026-06-24T19:31:23+00:00
SVP Operations,Serverfarm,🇺🇸 United States,N/A,$80000-150000 / YEAR,SVP Operations,2026-06-24T19:24:24+00:00
HR Coordinator Based,Panoramic Health,🇺🇸 United States,N/A,$80000-150000 / YEAR,HR Coordinator Based,2026-06-24T18:35:50+00:00
Investment &amp; Lending Associate,LBC Mortgage,🇺🇸 United States,N/A,$80000-150000 / YEAR,Investment &amp; Lending Associate,2026-06-24T16:48:44+00:00
Shift Lead,B&amp;Q,🌏 Worldwide,N/A,$80000-150000 / YEAR,Shift Lead,2026-06-24T16:42:46+00:00
Principal Product Manager Acquisition Products,ButterflyMX,🌏 Worldwide,N/A,$80000-150000 / YEAR,Principal Product Manager Acquisition Products,2026-06-24T16:00:03+00:00
Freelancers de Motion Design &amp; Designers 3D,RG Design Solutions,🇵🇹 Portugal,N/A,$80000-150000 / YEAR,Freelancers de Motion Design &amp; Designers 3D,2026-06-24T15:35:36+00:00
Operations Manager,CharterHire,"دبي, دبي الإمارات العربية المتحدة",N/A,$80000-150000 / YEAR,Operations Manager,2026-06-24T15:12:20+00:00
Junior UX UI Designer,Work Force Nexus,🌏 Worldwide,N/A,$80000-150000 / YEAR,Junior UX UI Designer,2026-06-24T15:02:56+00:00
Social Media & Partnerships Manager Lifestyle,Caramel Talent,England,N/A,$80000-150000 / YEAR,Social Media & Partnerships Manager Lifestyle,2026-06-24T15:01:09+00:00
Continuous Improvement Specialist,InProduction,🇺🇸 United States,N/A,$80000-150000 / YEAR,Continuous Improvement Specialist,2026-06-24T14:15:44+00:00
Asst. Housekeeper,Explora Journeys,🌏 Worldwide,N/A,$80000-150000 / YEAR,Asst. Housekeeper,2026-06-24T13:55:07+00:00
Chief of Staff the CEO,Valiantys,🇺🇸 United States,N/A,$80000-150000 / YEAR,Chief of Staff the CEO,2026-06-24T13:08:08+00:00
Power Technician,Sunbelt Rentals UK &amp; Ireland,🇬🇧 United Kingdom,N/A,$80000-150000 / YEAR,Power Technician,2026-06-24T12:52:15+00:00
Assistant de formation F H,Université de Bordeaux,🌏 Worldwide,N/A,$80000-150000 / YEAR,Assistant de formation F H,2026-06-24T12:35:22+00:00
Senior DevOps Engineer,Lemon.io,🇪🇺 Europe,N/A,N/A,N/A,N/A
Stockperson Cartpusher,Walmart Canada,🌏 Worldwide,N/A,$80000-150000 / YEAR,Stockperson Cartpusher,2026-06-24T09:24:25+00:00
Human Resources Specialist,Mavida Health,🌏 Probably worldwide,N/A,$80000-150000 / YEAR,Human Resources Specialist,2026-06-24T09:02:52+00:00
Patient Care Advocate,Hey Jane,🌏 Probably worldwide,N/A,$80000-150000 / YEAR,Patient Care Advocate,2026-06-24T09:01:00+00:00
Nurse Advice Swing Shift 5a 10a 10p 5a CST,IntellaTriage,🇺🇸 United States,N/A,$80000-150000 / YEAR,Nurse Advice Swing Shift 5a 10a 10p 5a CST,2026-06-24T08:09:31+00:00
Human Resources Assistant,Recruit Lytixs Hire,🇨🇦 Canada,N/A,$80000-150000 / YEAR,Human Resources Assistant,2026-06-24T07:38:08+00:00
Maintenance Technician,FAVIO,🇧🇧 Barbados,N/A,$80000-150000 / YEAR,Maintenance Technician,2026-06-24T07:00:00+00:00
Halwai,jüSTa Hotels &amp; Resorts,🌏 Worldwide,N/A,$80000-150000 / YEAR,Halwai,2026-06-24T06:48:42+00:00
Director of Procurement,Kardion,🌏 Worldwide,N/A,$80000-150000 / YEAR,Director of Procurement,2026-06-24T05:07:07+00:00
Junior Business Analyst,Work Force Nexus,🇬🇧 United Kingdom,N/A,$80000-150000 / YEAR,Junior Business Analyst,2026-06-24T03:09:56+00:00
Bookkeeper,Pickle,🌏 Worldwide,N/A,$80000-150000 / YEAR,Bookkeeper,2026-06-24T03:00:48+00:00
Youth Mental Wellness Coach,💛 Clayful,🇺🇸 United States,N/A,$80000-150000 / YEAR,Youth Mental Wellness Coach,2026-06-24T02:50:16+00:00
Monitor de Concursos Raciocínio Lógico + Informática,Vício,🇧🇷 Brazil,N/A,$80000-150000 / YEAR,Monitor de Concursos Raciocínio Lógico + Informática,2026-06-24T00:51:43+00:00
Data Entry Clerk,Mercer County Works,🇺🇸 United States,N/A,$80000-150000 / YEAR,Data Entry Clerk,2026-06-24T00:01:29+00:00
REVENUE MANAGER,Grupo Los Pueblos,🇵🇦 Panama,N/A,$80000-150000 / YEAR,REVENUE MANAGER,2026-06-24T00:00:00+00:00
Illustrator Graphic Designer,Longship Marketing,🇷🇸 Serbia,N/A,$80000-150000 / YEAR,Illustrator Graphic Designer,2026-06-24T00:00:00+00:00
Linen Porter New Hotel Edinburgh,Point A Hotels,🇬🇧 United Kingdom,N/A,$80000-150000 / YEAR,Linen Porter New Hotel Edinburgh,2026-06-24T00:00:00+00:00
Aplicador de Productos Químicos B,Twin Dolphin Los Cabos,🇲🇽 Mexico,N/A,$80000-150000 / YEAR,Aplicador de Productos Químicos B,2026-06-23T23:41:21+00:00
Senior Estimator,Aecon Group Inc.,🌏 Worldwide,N/A,$80000-150000 / YEAR,Senior Estimator,2026-06-23T22:42:37+00:00
Retail Marketing Coordinator,Crown Affair,New York City Metropolitan Area,N/A,$80000-150000 / YEAR,Retail Marketing Coordinator,2026-06-23T21:57:44+00:00
Creative Director,Strange Face,🇬🇧 United Kingdom,N/A,$80000-150000 / YEAR,Creative Director,2026-06-23T20:13:49+00:00
Social Media Manager,Strange Face,🇬🇧 United Kingdom,N/A,$80000-150000 / YEAR,Social Media Manager,2026-06-23T20:06:20+00:00
Patient Advocate,Cedar,🇺🇸 United States,N/A,$80000-150000 / YEAR,Patient Advocate,2026-06-23T19:53:32+00:00
Executive Assistant &amp; HR Administrator,People Architects,🇺🇸 United States,N/A,$80000-150000 / YEAR,Executive Assistant &amp; HR Administrator,2026-06-23T19:39:28+00:00
